{
  "dynamic_breaches": 5,
  "avg_margin_ratio": 0.04700290927601521,
  "procyclicality_std": 0.00502202008193851
}